model,mae_days,r2
RandomForest,173.29154555916705,0.17267139128830822
XGBoost,181.18753071072734,0.08737521035252183
Linear,188.60324785082176,0.0837102084543846
